#{"t_start": 1711818954.082277, "env_id": "ALE/Seaquest-v5"}
r,l,t
40.0,338,4.162482
60.0,458,5.914479
40.0,428,6.416629
40.0,523,7.181326
20.0,369,7.634168
40.0,414,8.123665
180.0,626,8.862292
0.0,344,9.209913
200.0,636,10.01365
20.0,359,10.383713
80.0,433,10.89718
60.0,461,11.421081
40.0,385,11.839731
80.0,435,12.344045
40.0,333,12.726437
20.0,322,13.063073
40.0,376,13.517296
0.0,391,13.942724
100.0,556,14.591134
80.0,497,15.191575
40.0,393,15.655046
100.0,501,16.40031
60.0,413,17.074895
120.0,488,17.974901
220.0,1074,19.275496
280.0,897,20.359756
100.0,436,20.871193
40.0,439,21.359927
100.0,632,22.142459
100.0,540,22.718151
180.0,579,23.442107
60.0,473,23.948796
240.0,1107,25.274118
320.0,1088,26.579581
80.0,481,27.13017
220.0,921,28.383898
200.0,718,29.654406
140.0,670,30.571609
320.0,1196,32.023943
180.0,693,32.824698
200.0,786,33.741672
160.0,609,34.483189
100.0,594,35.183372
280.0,933,36.289531
80.0,455,36.81699
200.0,721,37.659078
180.0,826,38.679406
140.0,650,39.439094
80.0,412,39.939732
140.0,604,40.943006
140.0,524,41.888439
40.0,400,42.436358
140.0,511,43.046691
180.0,635,43.782314
160.0,678,44.559563
60.0,631,45.334559
160.0,567,46.001173
100.0,720,46.836218
60.0,417,47.326382
160.0,798,48.246943
180.0,589,49.067034
240.0,927,50.325694
180.0,711,51.146641
260.0,886,52.258249
180.0,611,53.359032
180.0,712,54.518099
120.0,596,55.223077
300.0,1137,56.552067
160.0,633,57.282948
140.0,582,57.966558
180.0,697,58.781682
300.0,1085,60.083766
260.0,967,61.25299
180.0,641,61.983699
220.0,897,63.082253
180.0,746,63.957008
180.0,740,65.263849
260.0,1145,67.058985
380.0,1313,68.634213
240.0,843,69.691549
160.0,562,70.339901
200.0,771,71.228861
380.0,1212,72.670821
340.0,1177,74.108736
400.0,1325,75.703383
220.0,959,77.072499
200.0,740,78.399589
220.0,874,79.472584
200.0,784,80.410892
260.0,1032,81.657407
280.0,1050,82.928933
440.0,1334,84.55678
260.0,1008,85.730361
280.0,1066,87.017451
160.0,713,87.887473
480.0,1521,90.404714
280.0,1002,91.615303
260.0,1125,92.960843
320.0,1306,94.546618
420.0,1400,96.241916
480.0,1484,98.031673
280.0,987,99.204838
240.0,816,100.199945
260.0,1020,101.834721
260.0,1159,103.552423
300.0,871,104.543705
200.0,772,105.430426
260.0,929,106.546812
220.0,753,107.459848
120.0,579,108.132359
120.0,446,108.615878
60.0,402,109.09628
140.0,564,109.752156
80.0,563,110.390948
160.0,654,111.162992
160.0,620,111.888849
300.0,1036,113.390268
400.0,1347,115.47622
300.0,936,116.571923
360.0,1214,118.072315
220.0,768,118.978847
180.0,579,119.649971
180.0,742,120.510358
160.0,757,121.416697
220.0,706,122.236915
200.0,752,123.118943
260.0,1017,124.3332
160.0,525,125.126924
340.0,969,126.871041
160.0,629,127.621585
320.0,1125,128.978406
260.0,938,130.109438
220.0,846,131.147209
300.0,910,132.197407
160.0,632,132.916748
200.0,810,133.902568
160.0,746,134.769595
200.0,868,135.820502
180.0,764,136.715211
180.0,1081,138.72073
400.0,1479,140.539065
420.0,1378,142.164601
100.0,570,142.83346
480.0,1630,144.813315
380.0,1224,146.298859
240.0,908,147.341615
420.0,1415,149.214612
280.0,1098,151.105173
220.0,843,152.123961
300.0,1077,153.387521
420.0,1541,155.241955
280.0,974,156.393651
380.0,1315,158.010508
220.0,1000,159.226821
260.0,942,160.352435
420.0,1419,162.780682
420.0,1438,164.53698
240.0,1065,165.787776
320.0,1082,167.06403
220.0,891,168.095124
240.0,853,169.128744
480.0,1738,171.214005
320.0,1263,172.758173
280.0,1050,174.584313
480.0,1377,176.401966
540.0,1516,178.265187
240.0,1000,179.484571
340.0,1066,180.757001
320.0,1118,182.125194
560.0,1762,184.237855
260.0,956,185.646495
480.0,1788,188.301046
580.0,1690,190.353307
520.0,1518,192.183432
380.0,1257,193.721525
240.0,839,194.69696
400.0,1403,196.434831
280.0,1005,197.990844
260.0,909,199.454108
380.0,1335,201.10429
320.0,1166,202.487681
620.0,1852,204.733427
260.0,970,205.896341
480.0,1533,207.72897
300.0,1151,209.113215
120.0,587,210.188537
220.0,841,211.576146
440.0,1511,213.405306
160.0,747,214.27478
260.0,753,215.142678
280.0,984,216.316417
260.0,1095,217.660025
420.0,1389,219.33013
340.0,1184,220.741331
300.0,987,222.31809
180.0,665,223.449056
320.0,979,224.618336
200.0,782,225.533807
120.0,526,226.147386
280.0,829,227.150939
320.0,1100,228.453273
480.0,1259,229.976228
420.0,1434,231.710824
380.0,1343,233.284058
360.0,1114,235.343634
180.0,603,236.06308
260.0,986,237.224
440.0,1258,238.748112
220.0,913,239.853392
440.0,1561,241.722169
140.0,603,242.417244
180.0,760,243.300457
220.0,710,244.180034
120.0,573,244.857588
320.0,1217,246.837634
180.0,640,247.834311
220.0,802,248.822186
400.0,1438,250.560426
460.0,1482,252.381361
220.0,683,253.175987
380.0,1447,254.918301
360.0,1264,256.400268
400.0,1227,258.142692
320.0,1083,259.942106
340.0,1166,261.334962
260.0,986,262.508776
240.0,855,263.491324
240.0,825,264.491383
220.0,808,265.412834
240.0,828,266.429435
340.0,1179,267.827696
280.0,969,268.995534
260.0,1063,270.587864
200.0,830,271.912504
260.0,857,272.940406
280.0,957,274.04939
140.0,792,274.994608
220.0,966,276.166371
320.0,1061,277.406695
360.0,1152,278.817978
540.0,1581,280.731707
200.0,812,281.688558
240.0,776,283.042831
340.0,1120,284.642697
160.0,589,285.317545
240.0,867,286.332482
200.0,594,287.029233
200.0,652,287.789998
280.0,954,288.920826
300.0,921,290.037235
200.0,669,290.867715
160.0,645,291.68904
260.0,823,292.727179
300.0,1087,294.306744
280.0,756,295.702872
280.0,843,296.778201
360.0,1107,298.091501
340.0,1120,299.449228
220.0,983,300.598824
300.0,1179,302.042935
260.0,772,302.939881
440.0,1362,304.618507
280.0,891,305.720882
320.0,1156,308.044276
220.0,833,309.122887
360.0,1248,310.711636
360.0,1161,312.112583
380.0,1291,313.727391
340.0,1104,315.122525
320.0,971,316.350747
340.0,1070,317.670686
520.0,1563,320.436426
320.0,1099,321.782773
160.0,673,322.603432
220.0,939,323.678035
340.0,943,324.817128
360.0,1211,326.274018
140.0,694,327.167017
420.0,1299,328.789313
300.0,925,329.942486
280.0,875,331.355301
200.0,861,332.858988
560.0,1767,335.1062
200.0,807,336.133072
220.0,905,337.227413
400.0,1276,338.924741
220.0,884,340.007183
420.0,1210,341.625114
280.0,997,343.026273
360.0,1196,345.090322
260.0,940,346.225929
320.0,1088,347.596488
340.0,1254,349.189353
420.0,1259,350.735379
260.0,912,351.860166
220.0,892,352.885155
220.0,800,353.870156
380.0,1090,355.511019
420.0,1391,357.680248
160.0,620,358.41264
420.0,1302,359.989734
300.0,1083,361.288623
460.0,1448,363.065751
40.0,410,363.491461
340.0,1143,364.919614
640.0,1935,367.529047
660.0,2111,370.598859
280.0,998,371.857224
340.0,1069,373.147195
260.0,955,374.314224
260.0,969,375.494482
640.0,1975,377.899773
420.0,1290,379.791881
300.0,1011,381.461334
460.0,1644,383.470759
460.0,1309,385.028058
260.0,924,386.146906
440.0,1466,387.984211
400.0,1447,389.734385
540.0,1608,392.115069
360.0,1231,394.026491
240.0,1015,395.213945
620.0,1879,397.541828
340.0,1173,398.9541
500.0,1599,400.945928
660.0,2039,403.620888
380.0,1265,405.696666
240.0,873,406.777529
320.0,1170,408.191575
220.0,877,409.25356
120.0,623,409.992692
140.0,572,410.654955
200.0,815,411.619262
240.0,983,412.817939
340.0,1029,414.04564
180.0,617,414.757907
260.0,900,416.196902
500.0,1437,418.330041
240.0,922,419.473032
160.0,728,420.32295
500.0,1530,422.143964
380.0,1193,423.613817
240.0,944,424.702985
320.0,1184,426.107319
180.0,721,426.994461
300.0,1136,428.94301
400.0,1283,430.618924
400.0,1290,432.242023
320.0,1132,433.637521
340.0,1143,435.026163
100.0,464,435.56635
280.0,1023,436.795427
240.0,920,437.871142
340.0,1174,439.306157
280.0,1002,441.085605
240.0,994,442.401423
440.0,1447,444.155447
400.0,1103,445.473424
420.0,1431,447.200431
460.0,1417,448.873457
360.0,1115,450.218467
300.0,1183,451.802429
480.0,1638,454.381313
340.0,1162,455.761776
260.0,941,456.895045
280.0,959,458.019181
320.0,1121,459.372868
180.0,736,460.284446
220.0,901,461.32937
260.0,939,462.490335
260.0,943,463.794951
300.0,939,465.586334
460.0,1580,467.525377
180.0,841,468.52159
180.0,653,469.290674
520.0,1659,471.308723
280.0,1035,472.567283
260.0,1057,473.888062
440.0,1246,475.444762
340.0,1051,477.247238
340.0,1094,478.79338
180.0,920,479.875406
420.0,1178,481.278453
500.0,1567,483.193768
400.0,1436,484.934464
380.0,1135,486.30941
500.0,1693,488.78172
280.0,920,490.315385
320.0,1210,491.753858
180.0,704,492.664542
340.0,1276,494.210713
240.0,815,495.154497
260.0,997,496.35655
280.0,1033,497.60589
360.0,1243,499.083005
460.0,1548,501.639444
460.0,1527,503.62474
460.0,1485,505.46431
520.0,1582,507.359473
200.0,790,508.307819
360.0,1122,509.647863
440.0,1455,511.392704
420.0,1265,513.450912
400.0,1304,515.23723
380.0,1196,516.65439
300.0,994,517.863138
320.0,1295,519.386641
500.0,1436,521.145445
600.0,1927,523.548035
340.0,1179,525.435233
360.0,1159,527.086365
360.0,1290,528.713122
240.0,891,529.747634
320.0,993,530.969757
440.0,1257,532.491681
420.0,1424,534.217202
320.0,1167,535.640082
400.0,1380,537.971548
460.0,1462,539.890089
460.0,1527,541.699306
360.0,1256,543.225634
300.0,1100,544.547069
300.0,878,545.554817
440.0,1548,547.420084
260.0,912,548.716065
360.0,1260,550.83186
180.0,718,551.731395
360.0,1290,553.322454
400.0,1495,555.165351
400.0,1356,556.78036
220.0,822,557.782682
260.0,998,558.985958
380.0,1359,560.712517
260.0,824,562.272144
380.0,1359,563.952891
420.0,1419,565.678894
420.0,1292,567.196449
440.0,1261,568.749015
380.0,1379,570.364729
340.0,1215,571.847789
540.0,1816,574.753111
380.0,1419,576.469998
480.0,1478,578.201687
380.0,1306,579.805633
440.0,1388,581.485373
260.0,969,582.597878
360.0,1155,584.001401
420.0,1406,586.348464
240.0,823,587.44241
140.0,618,588.17293
380.0,1388,589.814785
440.0,1415,591.555889
200.0,777,592.452363
480.0,1377,594.12549
180.0,759,594.987705
240.0,917,596.104617
200.0,747,597.204675
220.0,779,598.686555
180.0,746,599.593616
260.0,1063,600.87536
280.0,954,602.036943
540.0,1695,604.085271
240.0,1002,605.281211
480.0,1757,607.397935
380.0,1147,608.859938
260.0,812,610.405418
340.0,1174,611.960512
240.0,826,612.910626
560.0,1612,614.906722
520.0,1707,617.000871
340.0,1180,618.420136
380.0,1210,619.883597
380.0,1191,621.583565
360.0,1101,623.358515
340.0,1111,624.683103
360.0,1132,626.086375
360.0,1125,627.42819
460.0,1561,629.323281
280.0,1131,630.656877
560.0,1770,632.768333
520.0,1928,635.814286
220.0,749,636.672971
420.0,1479,638.431546
360.0,1114,639.738182
360.0,1159,641.117998
380.0,1331,642.732018
420.0,1369,644.343969
360.0,1287,646.537321
280.0,927,647.771877
400.0,1419,649.456655
160.0,620,650.167904
540.0,1590,652.100089
280.0,1131,653.438759
280.0,976,654.594943
280.0,1011,655.801158
420.0,1501,657.911322
260.0,874,659.372622
240.0,783,660.273692
440.0,1455,662.0328
240.0,940,663.150997
220.0,800,664.069412
440.0,1431,665.777696
520.0,1662,667.761178
300.0,1131,669.205577
360.0,1263,671.458687
240.0,842,672.449137
260.0,984,673.622258
340.0,1211,675.084727
460.0,1473,676.876632
140.0,629,677.618568
500.0,1626,679.571541
140.0,618,680.276689
260.0,956,681.587894
380.0,1306,683.703242
620.0,1986,686.11354
380.0,1354,687.755528
500.0,1626,689.730294
540.0,1734,691.798051
320.0,1041,693.029555
320.0,1052,694.865985
440.0,1323,696.582481
640.0,1991,699.008707
260.0,906,700.094036
220.0,783,700.980347
440.0,1439,702.768241
400.0,1373,704.402801
300.0,1044,705.964107
400.0,1215,707.955615
380.0,1295,709.513322
400.0,1344,711.204007
260.0,844,712.208325
240.0,894,713.294324
280.0,936,714.366132
180.0,710,715.237855
280.0,992,716.431329
160.0,644,717.205625
280.0,860,718.688211
120.0,591,719.668893
200.0,803,720.647054
320.0,1120,721.987811
320.0,1069,723.264691
300.0,1029,724.488347
180.0,707,725.301487
420.0,1513,727.124253
260.0,871,728.118183
220.0,850,729.172197
400.0,1311,731.485148
380.0,1263,733.043433
560.0,1658,735.037896
520.0,1735,737.151843
400.0,1388,738.846485
300.0,979,739.972933
380.0,1454,741.885096
340.0,1186,743.880342
200.0,683,744.721003
200.0,762,745.615144
420.0,1416,747.308388
360.0,1063,748.580112
580.0,1824,750.758822
520.0,1834,752.972396
440.0,1447,755.263397
320.0,1122,756.74405
360.0,1229,758.235975
340.0,1115,759.593421
240.0,997,760.795599
280.0,823,761.742885
200.0,895,762.816759
440.0,1516,764.625554
640.0,1959,767.739969
180.0,747,768.657317
360.0,1255,770.149194
260.0,980,771.349354
180.0,858,772.33998
200.0,737,773.242955
380.0,1227,774.70269
420.0,1295,776.275664
160.0,627,776.983419
340.0,1246,778.964604
360.0,1176,780.703835
380.0,1253,782.210372
320.0,1146,783.571863
200.0,856,784.616728
240.0,716,785.431889
400.0,1279,786.993304
240.0,838,787.982253
360.0,1234,789.476856
280.0,1183,791.543782
360.0,1073,792.992565
500.0,1611,794.933187
180.0,683,795.725894
300.0,1087,797.069036
460.0,1519,798.920509
380.0,1434,800.624074
360.0,1275,802.317714
400.0,1367,804.537901
320.0,1008,805.741774
460.0,1386,807.458006
520.0,1628,809.453418
260.0,1020,810.678511
340.0,1277,812.199808
200.0,825,813.185343
340.0,1131,814.7675
300.0,1099,816.552476
420.0,1391,818.17889
340.0,1226,819.693928
180.0,591,820.388433
340.0,1178,821.797331
280.0,945,822.95089
440.0,1479,824.73426
320.0,1209,826.259289
360.0,1244,828.459179
380.0,1266,829.960941
280.0,971,831.149094
200.0,649,831.902921
240.0,857,832.959065
280.0,1137,834.319036
520.0,1740,836.378397
520.0,1548,838.2985
380.0,1254,840.552788
380.0,1451,842.277103
400.0,1211,843.771626
260.0,983,844.909123
300.0,856,845.951889
360.0,1363,847.556859
360.0,1181,849.03099
320.0,1209,850.603864
260.0,983,852.406846
220.0,985,853.604718
160.0,698,854.425134
200.0,842,855.407151
420.0,1410,857.094272
320.0,1002,858.36526
480.0,1375,860.000605
160.0,634,860.744795
200.0,841,861.786775
200.0,822,862.931115
160.0,682,864.218869
160.0,618,865.026628
220.0,946,866.124913
260.0,1041,867.365158
340.0,1128,868.715068
300.0,1116,870.085748
320.0,1130,871.419005
380.0,1375,873.046403
140.0,602,873.742172
420.0,1415,876.009504
240.0,913,877.294418
340.0,1288,878.843194
360.0,1087,880.131885
460.0,1551,881.985479
460.0,1548,883.841585
520.0,1583,885.733865
420.0,1400,887.912956
320.0,1381,889.873833
340.0,1079,891.155289
280.0,1103,892.485094
380.0,1392,894.160934
380.0,1259,895.649017
400.0,1308,897.198116
280.0,1072,898.499677
380.0,1084,900.466526
500.0,1420,902.306734
500.0,1719,904.376387
380.0,1306,905.979882
220.0,810,906.916548
260.0,924,908.036051
120.0,517,908.626357
280.0,958,909.76637
240.0,807,910.84422
200.0,781,912.245963
260.0,802,913.434603
420.0,1466,915.15436
380.0,1275,916.698089
300.0,1083,918.047362
220.0,1046,919.338821
200.0,688,920.141304
520.0,1508,921.995944
340.0,1130,923.602138
260.0,959,925.224696
520.0,1542,927.074786
480.0,1505,928.880132
200.0,735,929.799679
500.0,1559,931.666041
400.0,1191,933.089717
220.0,832,934.047275
220.0,943,935.367551
200.0,723,936.653169
180.0,690,937.589082
340.0,1229,939.033874
240.0,742,939.898612
580.0,1570,941.78691
500.0,1635,943.761838
480.0,1623,945.742072
320.0,1048,946.986252
280.0,926,948.72998
320.0,1034,950.098201
240.0,980,951.30696
300.0,968,952.487078
180.0,644,953.246973
220.0,805,954.174876
200.0,878,955.246713
400.0,1194,956.669502
300.0,1001,957.870593
200.0,869,958.868831
420.0,1411,961.32727
280.0,998,962.526907
200.0,669,963.30331
300.0,962,964.459166
380.0,1174,965.842953
440.0,1359,967.503923
220.0,778,968.407929
440.0,1403,970.141933
440.0,1543,972.604109
360.0,1116,974.195895
360.0,1321,975.796808
380.0,1335,977.45197
320.0,1116,978.788247
180.0,726,979.653254
240.0,778,980.518753
340.0,1212,982.039478
240.0,974,983.152142
520.0,1551,985.715236
320.0,1151,987.105388
240.0,904,988.20569
120.0,555,988.857494
200.0,897,989.937608
380.0,1376,991.552414
300.0,970,992.70991
420.0,1340,994.330445
300.0,1201,996.008518
300.0,969,997.637032
320.0,1088,998.949447
500.0,1539,1000.82222
220.0,898,1001.847574
360.0,1276,1003.407274
320.0,1171,1004.79464
500.0,1438,1006.474687
180.0,669,1007.29859
380.0,1367,1009.667051
620.0,1951,1012.138509
340.0,1164,1013.577638
400.0,1359,1015.237162
340.0,1061,1016.508055
440.0,1392,1018.182917
580.0,1688,1020.68831
400.0,1309,1022.646332
200.0,708,1023.486502
200.0,692,1024.299776
240.0,874,1025.376475
220.0,895,1026.4089
320.0,1062,1027.704394
340.0,1133,1029.104305
540.0,1692,1031.143864
580.0,1835,1034.088964
300.0,1013,1035.309302
240.0,826,1036.32389
460.0,1552,1038.194411
480.0,1639,1040.149621
460.0,1439,1041.884315
160.0,808,1042.873725
260.0,1018,1044.366195
400.0,1312,1046.404237
440.0,1373,1048.098981
480.0,1500,1049.881382
440.0,1487,1051.672179
360.0,1263,1053.196484
560.0,1938,1055.489049
440.0,1519,1058.046448
520.0,1678,1060.071728
320.0,1121,1061.406257
340.0,1187,1062.883116
320.0,1103,1064.192559
320.0,1213,1065.629203
200.0,912,1066.735872
140.0,632,1067.468727
180.0,731,1068.595567
220.0,840,1069.982732
340.0,1260,1071.528118
360.0,1208,1072.997121
200.0,841,1074.007554
380.0,1306,1075.545402
440.0,1498,1077.356461
400.0,1371,1078.976645
460.0,1455,1081.2927
300.0,1110,1082.839724
220.0,741,1083.714058
600.0,1818,1085.918469
440.0,1382,1087.604217
580.0,2008,1090.041816
140.0,604,1090.75333
380.0,1301,1092.592458
320.0,1199,1094.544692
400.0,1306,1096.099061
380.0,1260,1097.634896
400.0,1357,1099.234189
300.0,1080,1100.529077
580.0,1844,1102.826899
120.0,635,1103.589765
460.0,1482,1106.116066
380.0,1350,1107.691999
240.0,924,1108.818088
160.0,718,1109.643752
260.0,826,1110.637639
320.0,1155,1112.006711
320.0,1172,1113.392152
160.0,760,1114.27744
540.0,2007,1117.040458
380.0,1306,1119.002853
680.0,2071,1121.474553
260.0,953,1122.639666
280.0,1004,1123.823961
340.0,1259,1125.305107
260.0,835,1126.32163
200.0,781,1127.237448
300.0,1205,1129.099756
320.0,1030,1130.710184
380.0,1223,1132.189502
400.0,1376,1133.864331
420.0,1397,1135.547185
220.0,843,1136.568963
320.0,1163,1137.975859
320.0,1034,1139.21391
320.0,1014,1140.636996
360.0,1114,1142.522259
400.0,1374,1144.149537
260.0,860,1145.18831
380.0,1238,1146.652254
360.0,1139,1148.024122
280.0,1001,1149.257381
300.0,963,1150.425527
220.0,846,1151.399777
320.0,912,1152.714198
100.0,441,1153.517424
300.0,1116,1155.176219
240.0,926,1156.296875
200.0,741,1157.150972
160.0,771,1158.059537
220.0,1042,1159.310068
360.0,1045,1160.548836
260.0,988,1161.739512
560.0,1545,1163.661059
400.0,1231,1165.582144
620.0,1937,1168.23191
320.0,1067,1169.486484
200.0,714,1170.306969
360.0,1375,1171.975933
340.0,1159,1173.339302
360.0,1239,1174.792015
260.0,924,1175.904371
380.0,1290,1178.001424
340.0,1142,1179.482443
380.0,1258,1180.948855
360.0,1148,1182.343954
580.0,1727,1184.397528
540.0,1756,1186.499026
380.0,1323,1188.100214
160.0,651,1189.12925
400.0,1163,1190.969589
160.0,730,1191.80893
300.0,1064,1193.096561
460.0,1561,1195.049953
420.0,1350,1196.706351
280.0,1024,1197.936871
200.0,798,1198.848586
380.0,1150,1200.235859
240.0,860,1201.803676
340.0,1136,1203.381572
300.0,1010,1204.587546
320.0,1124,1205.918326
340.0,1164,1207.306856
320.0,1069,1208.574673
360.0,1181,1209.991042
200.0,691,1210.781575
180.0,695,1211.625433
360.0,1267,1213.52414
160.0,624,1214.620947
260.0,929,1215.734153
280.0,1111,1217.054904
280.0,891,1218.105715
500.0,1401,1219.816371
560.0,1585,1221.729292
540.0,1755,1223.83344
480.0,1656,1226.596293
320.0,1035,1227.827471
280.0,932,1228.956034
340.0,1126,1230.285715
180.0,778,1231.177113
240.0,805,1232.136374
360.0,1145,1233.481427
400.0,1235,1234.991673
460.0,1544,1237.047851
380.0,1392,1239.288505
380.0,1338,1240.853924
440.0,1482,1242.636039
420.0,1563,1244.521127
380.0,1219,1245.948819
160.0,658,1246.762497
220.0,942,1247.858331
160.0,672,1248.635614
220.0,766,1250.072371
380.0,1203,1251.748446
240.0,828,1252.75316
460.0,1372,1254.423846
500.0,1691,1256.478732
420.0,1411,1258.177704
280.0,1115,1259.498798
280.0,975,1260.687436
520.0,1608,1263.361848
360.0,1253,1264.850972
200.0,795,1265.809761
360.0,1133,1267.15202
360.0,1146,1268.525334
540.0,1765,1270.640731
220.0,844,1271.679879
560.0,1594,1274.067087
520.0,1553,1276.268087
540.0,1493,1278.070341
300.0,1014,1279.229834
520.0,1646,1281.2721
260.0,897,1282.312458
540.0,1775,1284.410866
440.0,1254,1286.547993
440.0,1409,1288.408324
580.0,1735,1290.534452
400.0,1407,1292.200368
240.0,843,1293.226674
420.0,1403,1294.859807
300.0,956,1296.008363
260.0,889,1297.13472
200.0,719,1298.428269
440.0,1415,1300.370644
300.0,987,1301.546365
540.0,1666,1303.547529
520.0,1674,1305.542492
340.0,1131,1306.884649
320.0,1126,1308.218794
600.0,1983,1311.359126
360.0,1167,1312.731505
380.0,1311,1314.329361
220.0,855,1315.33769
320.0,1148,1316.708194
300.0,1146,1318.065243
340.0,939,1319.174633
280.0,988,1320.385319
280.0,1019,1321.829878
480.0,1588,1324.272899
340.0,1066,1325.543533
300.0,1114,1326.897638
420.0,1290,1328.446168
400.0,1268,1330.010818
160.0,699,1330.827671
320.0,1162,1332.249999
440.0,1369,1334.243529
220.0,798,1335.607324
420.0,1501,1337.46796
380.0,1279,1338.985698
280.0,1029,1340.212594
400.0,1195,1341.664965
280.0,1151,1343.025523
440.0,1240,1344.548383
480.0,1563,1347.085583
400.0,1244,1348.691452
280.0,1128,1350.041527
400.0,1229,1351.487607
600.0,2063,1353.970337
560.0,1774,1356.107323
340.0,1063,1357.349511
440.0,1421,1359.821126
400.0,1431,1361.540513
440.0,1567,1363.411928
420.0,1290,1364.914369
420.0,1477,1366.684493
420.0,1282,1368.229646
320.0,1042,1369.463271
300.0,990,1371.301353
500.0,1529,1373.241418
320.0,1083,1374.521065
360.0,1227,1375.978952
320.0,1089,1377.285535
620.0,1935,1379.625209
280.0,940,1380.775354
360.0,1195,1382.534716
280.0,1047,1384.18915
400.0,1398,1385.826814
360.0,1227,1387.336686
520.0,1666,1389.370595
240.0,890,1390.391801
440.0,1306,1391.972445
220.0,891,1393.014578
540.0,1804,1395.985497
640.0,1934,1398.315199
220.0,830,1399.322886
480.0,1516,1401.160551
480.0,1439,1402.916304
400.0,1419,1404.587812
560.0,1659,1407.139973
160.0,742,1408.299205
480.0,1487,1410.044101
400.0,1338,1411.675811
400.0,1415,1413.386012
300.0,1119,1414.714415
380.0,1371,1416.322203
480.0,1517,1418.337932
380.0,1306,1420.427048
320.0,1068,1421.702364
240.0,933,1422.796863
560.0,1925,1425.123177
280.0,908,1426.217091
380.0,1495,1427.976976
480.0,1515,1429.809561
260.0,926,1431.559339
420.0,1326,1433.248197
380.0,1371,1434.886937
500.0,1434,1436.654499
240.0,840,1437.658427
280.0,939,1438.818926
640.0,2145,1441.449779
520.0,1618,1444.132274
320.0,1086,1445.419173
360.0,1311,1446.949894
380.0,1375,1448.605728
600.0,1850,1450.822998
520.0,1770,1453.03536
460.0,1459,1455.279753
720.0,2207,1458.201096
520.0,1582,1460.105887
340.0,1227,1461.581397
360.0,1179,1462.988396
180.0,761,1463.914978
440.0,1419,1465.575869
460.0,1575,1468.264088
440.0,1283,1469.826255
300.0,1055,1471.100582
360.0,1278,1472.616347
360.0,1535,1474.440829
560.0,1551,1476.283824
440.0,1594,1478.26841
360.0,1225,1480.379661
440.0,1375,1482.04253
320.0,1176,1483.449974
520.0,1659,1485.439918
440.0,1538,1487.286943
340.0,1236,1488.750118
200.0,870,1489.798257
420.0,1396,1492.198868
160.0,682,1493.044041
620.0,1961,1495.387162
360.0,1182,1496.835335
460.0,1515,1498.686622
580.0,1883,1501.031237
440.0,1369,1502.943491
520.0,1743,1505.564536
560.0,1659,1507.597748
280.0,1127,1508.995699
400.0,1323,1510.547848
220.0,779,1511.491985
420.0,1216,1512.967769
200.0,736,1513.816058
540.0,1911,1516.899255
420.0,1423,1518.662167
380.0,1227,1520.116378
620.0,1812,1522.257083
460.0,1688,1524.311717
780.0,2239,1527.345918
420.0,1282,1529.297041
380.0,1278,1530.86132
220.0,795,1531.785628
360.0,1174,1533.184578
520.0,1454,1534.932934
400.0,1412,1536.629618
480.0,1597,1538.56541
320.0,1094,1540.570133
220.0,810,1541.50024
360.0,1126,1542.844869
460.0,1484,1544.631411
540.0,1662,1546.623501
540.0,1701,1548.667808
560.0,1783,1551.026077
420.0,1527,1553.381597
540.0,1662,1555.413424
440.0,1287,1556.940399
600.0,1887,1559.323781
700.0,2127,1561.89652
320.0,1160,1563.636454
380.0,1355,1565.620077
460.0,1596,1567.558772
640.0,1983,1569.968474
500.0,1613,1571.92104
300.0,1010,1573.149932
480.0,1526,1575.161639
560.0,1727,1577.801843
620.0,1866,1580.162264
380.0,1286,1581.693363
360.0,1242,1583.184836
480.0,1542,1585.038115
560.0,1761,1587.438423
440.0,1324,1589.535727
140.0,622,1590.270381
200.0,827,1591.291508
380.0,1229,1592.74912
240.0,883,1593.756536
400.0,1515,1595.57893
380.0,1423,1597.298288
660.0,1805,1599.749116
440.0,1323,1601.781363
340.0,1150,1603.147284
300.0,971,1604.311914
760.0,2180,1606.938793
340.0,1227,1608.405535
480.0,1548,1610.279866
520.0,1639,1612.966533
500.0,1622,1614.901018
520.0,1613,1616.85243
560.0,1709,1618.9536
460.0,1548,1620.838876
520.0,1572,1622.740974
600.0,1899,1625.798446
720.0,2231,1628.515266
180.0,716,1629.413639
240.0,956,1630.518492
260.0,975,1631.674102
380.0,1242,1633.168479
580.0,1859,1635.747335
440.0,1460,1638.018945
360.0,1247,1639.527901
320.0,1148,1640.912253
500.0,1495,1642.780788
560.0,1718,1644.812675
500.0,1543,1646.681566
600.0,2013,1649.949031
600.0,1807,1652.14348
520.0,1655,1654.166138
600.0,1679,1656.232452
580.0,2054,1658.695334
760.0,2167,1662.038086
520.0,1695,1664.116857
700.0,1950,1666.483124
560.0,1711,1668.542434
700.0,2151,1671.128111
700.0,2215,1674.493177
480.0,1498,1676.299383
720.0,2191,1678.964189
740.0,2183,1681.677835
560.0,1807,1684.243634
560.0,1990,1687.126951
420.0,1391,1688.831475
420.0,1423,1690.551112
480.0,1598,1692.499418
580.0,1804,1694.663701
440.0,1455,1696.948499
640.0,1927,1699.55375
700.0,2119,1702.094908
560.0,1823,1704.280944
740.0,2271,1707.000571
720.0,2207,1710.459411
780.0,2215,1713.155223
480.0,1502,1714.969894
320.0,1199,1716.379813
800.0,2239,1719.088379
780.0,2271,1722.562048
700.0,2271,1725.340675
560.0,1983,1727.741455
780.0,2271,1730.461686
660.0,2103,1733.707495
600.0,1722,1735.789213
780.0,2207,1738.4908
600.0,1742,1740.647957
580.0,1729,1742.723634
360.0,1129,1744.249314
700.0,1983,1747.205544
580.0,1791,1749.32675
640.0,1899,1751.663875
640.0,1991,1754.06143
520.0,1707,1756.364887
740.0,2271,1759.70405
720.0,2271,1762.451983
720.0,2279,1765.265967
560.0,1786,1767.407988
760.0,2214,1770.822642
680.0,2172,1773.427948
240.0,966,1774.615071
400.0,1375,1776.26897
740.0,2239,1778.925777
720.0,2015,1782.065022
740.0,2223,1784.7196
760.0,2271,1787.457084
720.0,2231,1790.206344
720.0,2119,1793.133864
780.0,2271,1796.203098
760.0,2199,1798.841377
800.0,2271,1801.58498
720.0,2175,1804.403375
700.0,2214,1807.698538
800.0,2271,1810.484318
700.0,2265,1813.207759
740.0,2271,1815.960718
680.0,2271,1819.473458
740.0,2271,1822.210669
800.0,2271,1824.976483
600.0,1823,1827.155842
620.0,1831,1830.047241
780.0,2271,1832.891533
780.0,2271,1835.622857
740.0,2271,1838.386374
660.0,1919,1840.85735
720.0,2095,1843.928483
780.0,2271,1846.686122
800.0,2271,1849.461778
800.0,2271,1852.194739
700.0,2207,1855.565339
580.0,1823,1857.796016
720.0,2090,1860.366484
760.0,2271,1863.156348
740.0,2271,1866.661122
800.0,2271,1869.45115
740.0,2271,1872.193483
580.0,1936,1874.594007
500.0,1577,1876.527033
700.0,2101,1879.829442
760.0,2271,1882.611428
740.0,2271,1885.365409
680.0,2007,1887.802835
820.0,2271,1891.268264
800.0,2271,1894.036596
800.0,2271,1896.809015
760.0,2271,1899.538496
760.0,2271,1903.092158
640.0,1823,1905.268064
780.0,2167,1907.888832
760.0,2191,1910.527166
720.0,1994,1913.061112
800.0,2191,1916.345057
640.0,2102,1918.889525
760.0,2271,1921.741167
660.0,2023,1924.220102
740.0,2271,1927.735494
760.0,2271,1930.517937
720.0,2207,1933.189773
640.0,1847,1935.431401
600.0,1799,1937.935138
700.0,1959,1940.73926
620.0,1854,1943.029499
760.0,2271,1945.757972
780.0,2271,1948.530554
660.0,2007,1951.717354
500.0,1631,1953.755224
820.0,2271,1956.543291
680.0,1967,1958.937603
800.0,2271,1962.040925
720.0,1983,1964.845768
680.0,1991,1967.269951
760.0,2063,1969.831483
620.0,1799,1972.004273
600.0,1674,1974.539095
800.0,2271,1977.553378
800.0,2239,1980.276366
780.0,2271,1983.05236
680.0,1916,1985.454212
520.0,1535,1988.00652
660.0,1871,1990.267089
780.0,2271,1993.062253
800.0,2271,1995.820824
780.0,2202,1999.179828
800.0,2271,2002.117742
760.0,2271,2004.884102
800.0,2279,2007.618231
780.0,2207,2010.749717
800.0,2271,2013.815289
800.0,2271,2016.543183
820.0,2263,2019.271243
620.0,1839,2021.51304
820.0,2271,2024.977367
760.0,2199,2027.604498
800.0,2271,2030.358025
800.0,2199,2033.026797
820.0,2239,2036.424866
780.0,2271,2039.133626
800.0,2271,2041.913019
800.0,2271,2044.664593
680.0,1991,2047.830514
720.0,2039,2050.334929
820.0,2215,2053.042518
580.0,1582,2054.943736
740.0,2231,2057.655593
600.0,1714,2060.478152
660.0,1799,2062.728096
820.0,2077,2065.238045
780.0,2271,2067.979031
600.0,1863,2070.49175
800.0,2271,2073.731609
800.0,2207,2076.395722
760.0,2124,2079.01144
660.0,1799,2081.218126
740.0,2182,2084.591917
800.0,2271,2087.282953
620.0,1839,2089.525869
620.0,1850,2091.734334
620.0,1823,2094.019735
800.0,2271,2097.421006
780.0,2271,2100.142536
800.0,2183,2102.771927
800.0,2271,2105.544897
820.0,2271,2109.079825
660.0,1788,2111.227685
580.0,1671,2113.273902
800.0,2271,2116.020818
820.0,2271,2119.129278
380.0,1228,2121.009032
740.0,2079,2123.533981
780.0,2199,2126.174829
620.0,1775,2128.296458
840.0,2223,2131.415799
740.0,2119,2134.254141
440.0,1359,2135.917129
800.0,2207,2138.621899
780.0,2175,2141.265252
640.0,1839,2144.261778
720.0,1999,2146.680908
800.0,2271,2149.460442
760.0,2079,2151.987283
640.0,1851,2154.187622
500.0,1487,2156.706017
780.0,2271,2159.431228
800.0,2271,2162.226401
800.0,2191,2164.917231
800.0,2191,2168.335771
780.0,2271,2171.12796
800.0,2271,2173.929579
800.0,2271,2176.683318
800.0,2271,2180.063175
800.0,2271,2182.98281
720.0,2039,2185.472571
800.0,2271,2188.227796
800.0,2271,2191.214789
720.0,2039,2194.094647
440.0,1399,2195.798027
780.0,2255,2198.518826
680.0,1899,2200.815909
620.0,1847,2203.351483
440.0,1399,2205.446196
800.0,2271,2208.185284
780.0,2271,2210.957722
800.0,2156,2213.542115
820.0,2271,2217.039166
800.0,2271,2219.757018
660.0,1919,2222.125665
780.0,2271,2224.848591
560.0,1619,2227.02026
760.0,2174,2230.273114
800.0,2271,2233.118422
800.0,2279,2235.853336
780.0,2271,2238.574495
760.0,2159,2241.931609
800.0,2271,2244.702624
740.0,2170,2247.349806
820.0,2263,2250.074975
800.0,2219,2253.474608
800.0,2271,2256.288163
800.0,2271,2259.001543
780.0,2271,2261.754613
820.0,2279,2265.361156
760.0,2279,2268.084647
720.0,2119,2270.675125
700.0,2170,2273.274392
560.0,1647,2275.478091
760.0,2119,2278.559265
800.0,2279,2281.360665
700.0,2015,2283.783021
8